{"cameraAperture": [36.0, 24.0], "cameraApertureOffset": [0.0, 0.0], "cameraFisheyeLensP": [], "cameraFisheyeLensS": [], "cameraFisheyeMaxFOV": 0.0, "cameraFisheyeNominalHeight": 0, "cameraFisheyeNominalWidth": 0, "cameraFisheyeOpticalCentre": [0.0, 0.0], "cameraFisheyePolynomial": [0.0, 0.0, 0.0, 0.0, 0.0, 0.0], "cameraFocalLength": 49.999996185302734, "cameraFocusDistance": 1000.0, "cameraFStop": 0.0, "cameraModel": "pinhole", "cameraNearFar": [1.0, 1000000.0], "cameraProjection": [2.777777402489289, 0.0, 0.0, 0.0, 0.0, 4.938270937758736, 0.0, 0.0, 0.0, 0.0, 1.000001000001e-06, -1.0, 0.0, 0.0, 1.000001000001, 0.0], "cameraViewTransform": [-0.004369394653559186, -0.9996083905222373, 0.027640079375859855, -0.0, 0.9999904541485807, -0.004367765079694582, 0.00011933115058904296, 0.0, 1.4409541181614035e-06, 0.02764033693266031, 0.9996179328984512, -0.0, -0.6415367251941891, 0.42556301121278217, -2.807856583395075, 1.0], "metersPerSceneUnit": 1.0, "renderProductResolution": [1920, 1080]}